URL,Descripción
https://appsclavitud.com/blog/,"Esta página trata sobre blog. Explora temas relacionados como blog, información detallada, consejos prácticos, y análisis de los aspectos importantes. Palabras clave secundarias: blog guía, blog ejemplos, beneficios y aplicaciones."
https://appsclavitud.com/fracasos-de-disney-acolyte-peor-serie-star-wars/,"Esta página trata sobre fracasos de disney acolyte peor serie star wars. Explora temas relacionados como fracasos de disney acolyte peor serie star wars, información detallada, consejos prácticos, y análisis de los aspectos importantes. Palabras clave secundarias: fracasos de disney acolyte peor serie star wars guía, fracasos de disney acolyte peor serie star wars ejemplos, beneficios y aplicaciones."
https://appsclavitud.com/suplementos-en-la-dieta-carnivora-necesarios/,"Esta página trata sobre suplementos en la dieta carnivora necesarios. Explora temas relacionados como suplementos en la dieta carnivora necesarios, información detallada, consejos prácticos, y análisis de los aspectos importantes. Palabras clave secundarias: suplementos en la dieta carnivora necesarios guía, suplementos en la dieta carnivora necesarios ejemplos, beneficios y aplicaciones."
https://appsclavitud.com/sabana-de-turin-rostro-de-jesucristo/,"Esta página trata sobre sabana de turin rostro de jesucristo. Explora temas relacionados como sabana de turin rostro de jesucristo, información detallada, consejos prácticos, y análisis de los aspectos importantes. Palabras clave secundarias: sabana de turin rostro de jesucristo guía, sabana de turin rostro de jesucristo ejemplos, beneficios y aplicaciones."
https://appsclavitud.com/tomar-creatina-correctamente-aumentar-musculo/,"Esta página trata sobre tomar creatina correctamente aumentar musculo. Explora temas relacionados como tomar creatina correctamente aumentar musculo, información detallada, consejos prácticos, y análisis de los aspectos importantes. Palabras clave secundarias: tomar creatina correctamente aumentar musculo guía, tomar creatina correctamente aumentar musculo ejemplos, beneficios y aplicaciones."
https://appsclavitud.com/disney-esta-borrando-the-acolyte-mercancia/,"Esta página trata sobre disney esta borrando the acolyte mercancia. Explora temas relacionados como disney esta borrando the acolyte mercancia, información detallada, consejos prácticos, y análisis de los aspectos importantes. Palabras clave secundarias: disney esta borrando the acolyte mercancia guía, disney esta borrando the acolyte mercancia ejemplos, beneficios y aplicaciones."
https://appsclavitud.com/alimentos-que-suben-la-testosterona-en-hombres/,"Esta página trata sobre alimentos que suben la testosterona en hombres. Explora temas relacionados como alimentos que suben la testosterona en hombres, información detallada, consejos prácticos, y análisis de los aspectos importantes. Palabras clave secundarias: alimentos que suben la testosterona en hombres guía, alimentos que suben la testosterona en hombres ejemplos, beneficios y aplicaciones."
https://appsclavitud.com/aumentar-masa-muscular-en-30-dias-rutina-secreta/,"Esta página trata sobre aumentar masa muscular en 30 dias rutina secreta. Explora temas relacionados como aumentar masa muscular en 30 dias rutina secreta, información detallada, consejos prácticos, y análisis de los aspectos importantes. Palabras clave secundarias: aumentar masa muscular en 30 dias rutina secreta guía, aumentar masa muscular en 30 dias rutina secreta ejemplos, beneficios y aplicaciones."
https://appsclavitud.com/testosterona-en-hombres-natural-sin-suplementos/,"Esta página trata sobre testosterona en hombres natural sin suplementos. Explora temas relacionados como testosterona en hombres natural sin suplementos, información detallada, consejos prácticos, y análisis de los aspectos importantes. Palabras clave secundarias: testosterona en hombres natural sin suplementos guía, testosterona en hombres natural sin suplementos ejemplos, beneficios y aplicaciones."
https://appsclavitud.com/dieta-carnivora-alimentos-permitidos/,"Esta página trata sobre dieta carnivora alimentos permitidos. Explora temas relacionados como dieta carnivora alimentos permitidos, información detallada, consejos prácticos, y análisis de los aspectos importantes. Palabras clave secundarias: dieta carnivora alimentos permitidos guía, dieta carnivora alimentos permitidos ejemplos, beneficios y aplicaciones."
https://appsclavitud.com/como-hacer-que-una-mujer-te-escriba-por-whatsapp/,"Esta página trata sobre como hacer que una mujer te escriba por whatsapp. Explora temas relacionados como como hacer que una mujer te escriba por whatsapp, información detallada, consejos prácticos, y análisis de los aspectos importantes. Palabras clave secundarias: como hacer que una mujer te escriba por whatsapp guía, como hacer que una mujer te escriba por whatsapp ejemplos, beneficios y aplicaciones."
https://appsclavitud.com/como-hacer-que-ella-se-enamore-de-ti-por-whatsapp/,"Esta página trata sobre como hacer que ella se enamore de ti por whatsapp. Explora temas relacionados como como hacer que ella se enamore de ti por whatsapp, información detallada, consejos prácticos, y análisis de los aspectos importantes. Palabras clave secundarias: como hacer que ella se enamore de ti por whatsapp guía, como hacer que ella se enamore de ti por whatsapp ejemplos, beneficios y aplicaciones."
https://appsclavitud.com/mensajes-arruinan-conversacion-mujer-sin-hola/,"Esta página trata sobre mensajes arruinan conversacion mujer sin hola. Explora temas relacionados como mensajes arruinan conversacion mujer sin hola, información detallada, consejos prácticos, y análisis de los aspectos importantes. Palabras clave secundarias: mensajes arruinan conversacion mujer sin hola guía, mensajes arruinan conversacion mujer sin hola ejemplos, beneficios y aplicaciones."
https://appsclavitud.com/mensajes-que-una-mujer-siempre-contesta-whatsapp/,"Esta página trata sobre mensajes que una mujer siempre contesta whatsapp. Explora temas relacionados como mensajes que una mujer siempre contesta whatsapp, información detallada, consejos prácticos, y análisis de los aspectos importantes. Palabras clave secundarias: mensajes que una mujer siempre contesta whatsapp guía, mensajes que una mujer siempre contesta whatsapp ejemplos, beneficios y aplicaciones."
https://appsclavitud.com/ava-kris-tyson-escandalo-discord-mrbeast/,"Esta página trata sobre ava kris tyson escandalo discord mrbeast. Explora temas relacionados como ava kris tyson escandalo discord mrbeast, información detallada, consejos prácticos, y análisis de los aspectos importantes. Palabras clave secundarias: ava kris tyson escandalo discord mrbeast guía, ava kris tyson escandalo discord mrbeast ejemplos, beneficios y aplicaciones."
https://appsclavitud.com/rutina-cbum-ejercicios-para-ganancia-muscular/,"Esta página trata sobre rutina cbum ejercicios para ganancia muscular. Explora temas relacionados como rutina cbum ejercicios para ganancia muscular, información detallada, consejos prácticos, y análisis de los aspectos importantes. Palabras clave secundarias: rutina cbum ejercicios para ganancia muscular guía, rutina cbum ejercicios para ganancia muscular ejemplos, beneficios y aplicaciones."
https://appsclavitud.com/mrbeast-cancelado-contrato-abusador-de-menores/,"Esta página trata sobre mrbeast cancelado contrato abusador de menores. Explora temas relacionados como mrbeast cancelado contrato abusador de menores, información detallada, consejos prácticos, y análisis de los aspectos importantes. Palabras clave secundarias: mrbeast cancelado contrato abusador de menores guía, mrbeast cancelado contrato abusador de menores ejemplos, beneficios y aplicaciones."
https://appsclavitud.com/neuroingles-vs-metodos-tradicionales/,"Esta página trata sobre neuroingles vs metodos tradicionales. Explora temas relacionados como neuroingles vs metodos tradicionales, información detallada, consejos prácticos, y análisis de los aspectos importantes. Palabras clave secundarias: neuroingles vs metodos tradicionales guía, neuroingles vs metodos tradicionales ejemplos, beneficios y aplicaciones."
https://appsclavitud.com/nuevas-controversias-de-mrbeast/,"Esta página trata sobre nuevas controversias de mrbeast. Explora temas relacionados como nuevas controversias de mrbeast, información detallada, consejos prácticos, y análisis de los aspectos importantes. Palabras clave secundarias: nuevas controversias de mrbeast guía, nuevas controversias de mrbeast ejemplos, beneficios y aplicaciones."
https://appsclavitud.com/alimentos-que-suben-la-testosterona-en-hombres/,"Esta página trata sobre alimentos que suben la testosterona en hombres. Explora temas relacionados como alimentos que suben la testosterona en hombres, información detallada, consejos prácticos, y análisis de los aspectos importantes. Palabras clave secundarias: alimentos que suben la testosterona en hombres guía, alimentos que suben la testosterona en hombres ejemplos, beneficios y aplicaciones."
https://appsclavitud.com/comparativa-dieta-carnivora/,"Esta página trata sobre comparativa dieta carnivora. Explora temas relacionados como comparativa dieta carnivora, información detallada, consejos prácticos, y análisis de los aspectos importantes. Palabras clave secundarias: comparativa dieta carnivora guía, comparativa dieta carnivora ejemplos, beneficios y aplicaciones."
https://appsclavitud.com/como-tomar-creatina-por-primera-vez-segun-ciencia/,"Esta página trata sobre como tomar creatina por primera vez segun ciencia. Explora temas relacionados como como tomar creatina por primera vez segun ciencia, información detallada, consejos prácticos, y análisis de los aspectos importantes. Palabras clave secundarias: como tomar creatina por primera vez segun ciencia guía, como tomar creatina por primera vez segun ciencia ejemplos, beneficios y aplicaciones."
https://appsclavitud.com/dieta-carnivora-menu-semanal-para-principantes/,"Esta página trata sobre dieta carnivora menu semanal para principantes. Explora temas relacionados como dieta carnivora menu semanal para principantes, información detallada, consejos prácticos, y análisis de los aspectos importantes. Palabras clave secundarias: dieta carnivora menu semanal para principantes guía, dieta carnivora menu semanal para principantes ejemplos, beneficios y aplicaciones."
https://appsclavitud.com/licuado-para-ganar-masa-muscular-rapido/,"Esta página trata sobre licuado para ganar masa muscular rapido. Explora temas relacionados como licuado para ganar masa muscular rapido, información detallada, consejos prácticos, y análisis de los aspectos importantes. Palabras clave secundarias: licuado para ganar masa muscular rapido guía, licuado para ganar masa muscular rapido ejemplos, beneficios y aplicaciones."
https://appsclavitud.com/analisis-metodo-witix-neuroaprendizaje-ingles/,"Esta página trata sobre analisis metodo witix neuroaprendizaje ingles. Explora temas relacionados como analisis metodo witix neuroaprendizaje ingles, información detallada, consejos prácticos, y análisis de los aspectos importantes. Palabras clave secundarias: analisis metodo witix neuroaprendizaje ingles guía, analisis metodo witix neuroaprendizaje ingles ejemplos, beneficios y aplicaciones."
https://appsclavitud.com/guia-completa-dieta-carnivora-beneficios-riesgos-como-empezar/,"Esta página trata sobre guia completa dieta carnivora beneficios riesgos como empezar. Explora temas relacionados como guia completa dieta carnivora beneficios riesgos como empezar, información detallada, consejos prácticos, y análisis de los aspectos importantes. Palabras clave secundarias: guia completa dieta carnivora beneficios riesgos como empezar guía, guia completa dieta carnivora beneficios riesgos como empezar ejemplos, beneficios y aplicaciones."
https://appsclavitud.com/la-mejor-escena-the-acolyte-ratings-nadie-vio/,"Esta página trata sobre la mejor escena the acolyte ratings nadie vio. Explora temas relacionados como la mejor escena the acolyte ratings nadie vio, información detallada, consejos prácticos, y análisis de los aspectos importantes. Palabras clave secundarias: la mejor escena the acolyte ratings nadie vio guía, la mejor escena the acolyte ratings nadie vio ejemplos, beneficios y aplicaciones."
https://appsclavitud.com/sonar-con-carne-cruda-segun-la-biblia/,"Esta página trata sobre sonar con carne cruda segun la biblia. Explora temas relacionados como sonar con carne cruda segun la biblia, información detallada, consejos prácticos, y análisis de los aspectos importantes. Palabras clave secundarias: sonar con carne cruda segun la biblia guía, sonar con carne cruda segun la biblia ejemplos, beneficios y aplicaciones."
https://appsclavitud.com/mensajes-arruinan-conversacion-mujer-sin-hola/,"Esta página trata sobre mensajes arruinan conversacion mujer sin hola. Explora temas relacionados como mensajes arruinan conversacion mujer sin hola, información detallada, consejos prácticos, y análisis de los aspectos importantes. Palabras clave secundarias: mensajes arruinan conversacion mujer sin hola guía, mensajes arruinan conversacion mujer sin hola ejemplos, beneficios y aplicaciones."
https://appsclavitud.com/el-hijo-de-elon-musk-y-el-escandalo-de-wpath/,"Esta página trata sobre el hijo de elon musk y el escandalo de wpath. Explora temas relacionados como el hijo de elon musk y el escandalo de wpath, información detallada, consejos prácticos, y análisis de los aspectos importantes. Palabras clave secundarias: el hijo de elon musk y el escandalo de wpath guía, el hijo de elon musk y el escandalo de wpath ejemplos, beneficios y aplicaciones."
https://appsclavitud.com/ava-kris-tyson-se-retira-mrbeast-escribio-menores/,"Esta página trata sobre ava kris tyson se retira mrbeast escribio menores. Explora temas relacionados como ava kris tyson se retira mrbeast escribio menores, información detallada, consejos prácticos, y análisis de los aspectos importantes. Palabras clave secundarias: ava kris tyson se retira mrbeast escribio menores guía, ava kris tyson se retira mrbeast escribio menores ejemplos, beneficios y aplicaciones."
https://appsclavitud.com/ganar-musculo-sin-pesas-en-casa/,"Esta página trata sobre ganar musculo sin pesas en casa. Explora temas relacionados como ganar musculo sin pesas en casa, información detallada, consejos prácticos, y análisis de los aspectos importantes. Palabras clave secundarias: ganar musculo sin pesas en casa guía, ganar musculo sin pesas en casa ejemplos, beneficios y aplicaciones."
https://appsclavitud.com/thomas-matthew-crooks-atentado-trump/,"Esta página trata sobre thomas matthew crooks atentado trump. Explora temas relacionados como thomas matthew crooks atentado trump, información detallada, consejos prácticos, y análisis de los aspectos importantes. Palabras clave secundarias: thomas matthew crooks atentado trump guía, thomas matthew crooks atentado trump ejemplos, beneficios y aplicaciones."
https://appsclavitud.com/reglas-no-escritas-etiqueta-para-hombre/,"Esta página trata sobre reglas no escritas etiqueta para hombre. Explora temas relacionados como reglas no escritas etiqueta para hombre, información detallada, consejos prácticos, y análisis de los aspectos importantes. Palabras clave secundarias: reglas no escritas etiqueta para hombre guía, reglas no escritas etiqueta para hombre ejemplos, beneficios y aplicaciones."
https://appsclavitud.com/intento-asesinato-trump-sospechoso-anuncio-blackrock/,"Esta página trata sobre intento asesinato trump sospechoso anuncio blackrock. Explora temas relacionados como intento asesinato trump sospechoso anuncio blackrock, información detallada, consejos prácticos, y análisis de los aspectos importantes. Palabras clave secundarias: intento asesinato trump sospechoso anuncio blackrock guía, intento asesinato trump sospechoso anuncio blackrock ejemplos, beneficios y aplicaciones."
https://appsclavitud.com/acolyte-canon/,"Esta página trata sobre acolyte canon. Explora temas relacionados como acolyte canon, información detallada, consejos prácticos, y análisis de los aspectos importantes. Palabras clave secundarias: acolyte canon guía, acolyte canon ejemplos, beneficios y aplicaciones."
https://appsclavitud.com/dieta-paleo-verdad-recetas-saludables/,"Esta página trata sobre dieta paleo verdad recetas saludables. Explora temas relacionados como dieta paleo verdad recetas saludables, información detallada, consejos prácticos, y análisis de los aspectos importantes. Palabras clave secundarias: dieta paleo verdad recetas saludables guía, dieta paleo verdad recetas saludables ejemplos, beneficios y aplicaciones."
https://appsclavitud.com/creatina-monohidratada-para-que-sirve/,"Esta página trata sobre creatina monohidratada para que sirve. Explora temas relacionados como creatina monohidratada para que sirve, información detallada, consejos prácticos, y análisis de los aspectos importantes. Palabras clave secundarias: creatina monohidratada para que sirve guía, creatina monohidratada para que sirve ejemplos, beneficios y aplicaciones."
https://appsclavitud.com/como-superar-una-separacion-si-todavia-se-ama/,"Esta página trata sobre como superar una separacion si todavia se ama. Explora temas relacionados como como superar una separacion si todavia se ama, información detallada, consejos prácticos, y análisis de los aspectos importantes. Palabras clave secundarias: como superar una separacion si todavia se ama guía, como superar una separacion si todavia se ama ejemplos, beneficios y aplicaciones."
https://appsclavitud.com/the-acolyte-ratings-se-desploman/,"Esta página trata sobre the acolyte ratings se desploman. Explora temas relacionados como the acolyte ratings se desploman, información detallada, consejos prácticos, y análisis de los aspectos importantes. Palabras clave secundarias: the acolyte ratings se desploman guía, the acolyte ratings se desploman ejemplos, beneficios y aplicaciones."
https://appsclavitud.com/alimentos-para-ganar-masa-muscular-rapido/,"Esta página trata sobre alimentos para ganar masa muscular rapido. Explora temas relacionados como alimentos para ganar masa muscular rapido, información detallada, consejos prácticos, y análisis de los aspectos importantes. Palabras clave secundarias: alimentos para ganar masa muscular rapido guía, alimentos para ganar masa muscular rapido ejemplos, beneficios y aplicaciones."
https://appsclavitud.com/como-dejar-adicciones-digitales-siempre/,"Esta página trata sobre como dejar adicciones digitales siempre. Explora temas relacionados como como dejar adicciones digitales siempre, información detallada, consejos prácticos, y análisis de los aspectos importantes. Palabras clave secundarias: como dejar adicciones digitales siempre guía, como dejar adicciones digitales siempre ejemplos, beneficios y aplicaciones."
https://appsclavitud.com/rutina-espalda-gym-hombre/,"Esta página trata sobre rutina espalda gym hombre. Explora temas relacionados como rutina espalda gym hombre, información detallada, consejos prácticos, y análisis de los aspectos importantes. Palabras clave secundarias: rutina espalda gym hombre guía, rutina espalda gym hombre ejemplos, beneficios y aplicaciones."
https://appsclavitud.com/20-reglas-no-escritas-de-los-hombres/,"Esta página trata sobre 20 reglas no escritas de los hombres. Explora temas relacionados como 20 reglas no escritas de los hombres, información detallada, consejos prácticos, y análisis de los aspectos importantes. Palabras clave secundarias: 20 reglas no escritas de los hombres guía, 20 reglas no escritas de los hombres ejemplos, beneficios y aplicaciones."
https://appsclavitud.com/para-que-sirven-los-suplementos-alimenticios/,"Esta página trata sobre para que sirven los suplementos alimenticios. Explora temas relacionados como para que sirven los suplementos alimenticios, información detallada, consejos prácticos, y análisis de los aspectos importantes. Palabras clave secundarias: para que sirven los suplementos alimenticios guía, para que sirven los suplementos alimenticios ejemplos, beneficios y aplicaciones."
https://appsclavitud.com/como-hablar-con-una-chica-por-primera-vez/,"Esta página trata sobre como hablar con una chica por primera vez. Explora temas relacionados como como hablar con una chica por primera vez, información detallada, consejos prácticos, y análisis de los aspectos importantes. Palabras clave secundarias: como hablar con una chica por primera vez guía, como hablar con una chica por primera vez ejemplos, beneficios y aplicaciones."
https://appsclavitud.com/disney-vs-elon-musk/,"Esta página trata sobre disney vs elon musk. Explora temas relacionados como disney vs elon musk, información detallada, consejos prácticos, y análisis de los aspectos importantes. Palabras clave secundarias: disney vs elon musk guía, disney vs elon musk ejemplos, beneficios y aplicaciones."
https://appsclavitud.com/aprende-ingles-ia-2024/,"Esta página trata sobre aprende ingles ia 2024. Explora temas relacionados como aprende ingles ia 2024, información detallada, consejos prácticos, y análisis de los aspectos importantes. Palabras clave secundarias: aprende ingles ia 2024 guía, aprende ingles ia 2024 ejemplos, beneficios y aplicaciones."
https://appsclavitud.com/the-boyz-cuarta-temporada-resena/,"Esta página trata sobre the boyz cuarta temporada resena. Explora temas relacionados como the boyz cuarta temporada resena, información detallada, consejos prácticos, y análisis de los aspectos importantes. Palabras clave secundarias: the boyz cuarta temporada resena guía, the boyz cuarta temporada resena ejemplos, beneficios y aplicaciones."
https://appsclavitud.com/alimentos-con-mas-proteina-y-menos-grasa/,"Esta página trata sobre alimentos con mas proteina y menos grasa. Explora temas relacionados como alimentos con mas proteina y menos grasa, información detallada, consejos prácticos, y análisis de los aspectos importantes. Palabras clave secundarias: alimentos con mas proteina y menos grasa guía, alimentos con mas proteina y menos grasa ejemplos, beneficios y aplicaciones."
https://appsclavitud.com/tomando-creatina-primera-vez-beneficios/,"Esta página trata sobre tomando creatina primera vez beneficios. Explora temas relacionados como tomando creatina primera vez beneficios, información detallada, consejos prácticos, y análisis de los aspectos importantes. Palabras clave secundarias: tomando creatina primera vez beneficios guía, tomando creatina primera vez beneficios ejemplos, beneficios y aplicaciones."
https://appsclavitud.com/dieta-carnivora-rendimiento-deportivo/,"Esta página trata sobre dieta carnivora rendimiento deportivo. Explora temas relacionados como dieta carnivora rendimiento deportivo, información detallada, consejos prácticos, y análisis de los aspectos importantes. Palabras clave secundarias: dieta carnivora rendimiento deportivo guía, dieta carnivora rendimiento deportivo ejemplos, beneficios y aplicaciones."
https://appsclavitud.com/actriz-de-the-acolyte-acusa-racismo-de-fans/,"Esta página trata sobre actriz de the acolyte acusa racismo de fans. Explora temas relacionados como actriz de the acolyte acusa racismo de fans, información detallada, consejos prácticos, y análisis de los aspectos importantes. Palabras clave secundarias: actriz de the acolyte acusa racismo de fans guía, actriz de the acolyte acusa racismo de fans ejemplos, beneficios y aplicaciones."
https://appsclavitud.com/dieta-de-la-carne-por-15-dias-con-rutina-ocupada/,"Esta página trata sobre dieta de la carne por 15 dias con rutina ocupada. Explora temas relacionados como dieta de la carne por 15 dias con rutina ocupada, información detallada, consejos prácticos, y análisis de los aspectos importantes. Palabras clave secundarias: dieta de la carne por 15 dias con rutina ocupada guía, dieta de la carne por 15 dias con rutina ocupada ejemplos, beneficios y aplicaciones."
https://appsclavitud.com/creatina-monohidratada-es-la-unica-beneficios-de-tomar-creatina-monohidratada-diferencias-beneficios-alternativas-y-consumo-correcto/,"Esta página trata sobre creatina monohidratada es la unica beneficios de tomar creatina monohidratada diferencias beneficios alternativas y consumo correcto. Explora temas relacionados como creatina monohidratada es la unica beneficios de tomar creatina monohidratada diferencias beneficios alternativas y consumo correcto, información detallada, consejos prácticos, y análisis de los aspectos importantes. Palabras clave secundarias: creatina monohidratada es la unica beneficios de tomar creatina monohidratada diferencias beneficios alternativas y consumo correcto guía, creatina monohidratada es la unica beneficios de tomar creatina monohidratada diferencias beneficios alternativas y consumo correcto ejemplos, beneficios y aplicaciones."
https://appsclavitud.com/disney-woke-bambi-version-moderna/,"Esta página trata sobre disney woke bambi version moderna. Explora temas relacionados como disney woke bambi version moderna, información detallada, consejos prácticos, y análisis de los aspectos importantes. Palabras clave secundarias: disney woke bambi version moderna guía, disney woke bambi version moderna ejemplos, beneficios y aplicaciones."
https://appsclavitud.com/superar-ansiedad-social-en-el-gym/,"Esta página trata sobre superar ansiedad social en el gym. Explora temas relacionados como superar ansiedad social en el gym, información detallada, consejos prácticos, y análisis de los aspectos importantes. Palabras clave secundarias: superar ansiedad social en el gym guía, superar ansiedad social en el gym ejemplos, beneficios y aplicaciones."
https://appsclavitud.com/plan-de-ganancia-muscular-de-30-dias-entrenamiento-semanal/,"Esta página trata sobre plan de ganancia muscular de 30 dias entrenamiento semanal. Explora temas relacionados como plan de ganancia muscular de 30 dias entrenamiento semanal, información detallada, consejos prácticos, y análisis de los aspectos importantes. Palabras clave secundarias: plan de ganancia muscular de 30 dias entrenamiento semanal guía, plan de ganancia muscular de 30 dias entrenamiento semanal ejemplos, beneficios y aplicaciones."
https://appsclavitud.com/hamas-video-sobre-bebes-en-israel/,"Esta página trata sobre hamas video sobre bebes en israel. Explora temas relacionados como hamas video sobre bebes en israel, información detallada, consejos prácticos, y análisis de los aspectos importantes. Palabras clave secundarias: hamas video sobre bebes en israel guía, hamas video sobre bebes en israel ejemplos, beneficios y aplicaciones."
https://appsclavitud.com/disney-plus-serie-satanista/,"Esta página trata sobre disney plus serie satanista. Explora temas relacionados como disney plus serie satanista, información detallada, consejos prácticos, y análisis de los aspectos importantes. Palabras clave secundarias: disney plus serie satanista guía, disney plus serie satanista ejemplos, beneficios y aplicaciones."
https://appsclavitud.com/mia-khalifa-elogio-los-ataques-terroristas-en-israel/,"Esta página trata sobre mia khalifa elogio los ataques terroristas en israel. Explora temas relacionados como mia khalifa elogio los ataques terroristas en israel, información detallada, consejos prácticos, y análisis de los aspectos importantes. Palabras clave secundarias: mia khalifa elogio los ataques terroristas en israel guía, mia khalifa elogio los ataques terroristas en israel ejemplos, beneficios y aplicaciones."
https://appsclavitud.com/aumentar-musculo-con-la-dieta-carnivora/,"Esta página trata sobre aumentar musculo con la dieta carnivora. Explora temas relacionados como aumentar musculo con la dieta carnivora, información detallada, consejos prácticos, y análisis de los aspectos importantes. Palabras clave secundarias: aumentar musculo con la dieta carnivora guía, aumentar musculo con la dieta carnivora ejemplos, beneficios y aplicaciones."
https://appsclavitud.com/acciones-de-disney-se-desploman-en-10-anos/,"Esta página trata sobre acciones de disney se desploman en 10 anos. Explora temas relacionados como acciones de disney se desploman en 10 anos, información detallada, consejos prácticos, y análisis de los aspectos importantes. Palabras clave secundarias: acciones de disney se desploman en 10 anos guía, acciones de disney se desploman en 10 anos ejemplos, beneficios y aplicaciones."
https://appsclavitud.com/zuckerberg-graba-el-primer-podcast-en-el-metaverso/,"Esta página trata sobre zuckerberg graba el primer podcast en el metaverso. Explora temas relacionados como zuckerberg graba el primer podcast en el metaverso, información detallada, consejos prácticos, y análisis de los aspectos importantes. Palabras clave secundarias: zuckerberg graba el primer podcast en el metaverso guía, zuckerberg graba el primer podcast en el metaverso ejemplos, beneficios y aplicaciones."
https://appsclavitud.com/jordan-peterson-dedica-duras-palabas-a-catolicos/,"Esta página trata sobre jordan peterson dedica duras palabas a catolicos. Explora temas relacionados como jordan peterson dedica duras palabas a catolicos, información detallada, consejos prácticos, y análisis de los aspectos importantes. Palabras clave secundarias: jordan peterson dedica duras palabas a catolicos guía, jordan peterson dedica duras palabas a catolicos ejemplos, beneficios y aplicaciones."
https://appsclavitud.com/tim-ballard-de-sonido-de-libertad-es-acusado-de-acoso-sexual/,"Esta página trata sobre tim ballard de sonido de libertad es acusado de acoso sexual. Explora temas relacionados como tim ballard de sonido de libertad es acusado de acoso sexual, información detallada, consejos prácticos, y análisis de los aspectos importantes. Palabras clave secundarias: tim ballard de sonido de libertad es acusado de acoso sexual guía, tim ballard de sonido de libertad es acusado de acoso sexual ejemplos, beneficios y aplicaciones."
https://appsclavitud.com/youtube-desmonetiza-a-russell-brand/,"Esta página trata sobre youtube desmonetiza a russell brand. Explora temas relacionados como youtube desmonetiza a russell brand, información detallada, consejos prácticos, y análisis de los aspectos importantes. Palabras clave secundarias: youtube desmonetiza a russell brand guía, youtube desmonetiza a russell brand ejemplos, beneficios y aplicaciones."
https://appsclavitud.com/youtube-ofrece-cursos-de-reeducacion-woke-a-creadores/,"Esta página trata sobre youtube ofrece cursos de reeducacion woke a creadores. Explora temas relacionados como youtube ofrece cursos de reeducacion woke a creadores, información detallada, consejos prácticos, y análisis de los aspectos importantes. Palabras clave secundarias: youtube ofrece cursos de reeducacion woke a creadores guía, youtube ofrece cursos de reeducacion woke a creadores ejemplos, beneficios y aplicaciones."
https://appsclavitud.com/roma-gallardo-es-censurado-y-deja-youtube/,"Esta página trata sobre roma gallardo es censurado y deja youtube. Explora temas relacionados como roma gallardo es censurado y deja youtube, información detallada, consejos prácticos, y análisis de los aspectos importantes. Palabras clave secundarias: roma gallardo es censurado y deja youtube guía, roma gallardo es censurado y deja youtube ejemplos, beneficios y aplicaciones."
https://appsclavitud.com/jordan-peterson-perderia-credencial/,"Esta página trata sobre jordan peterson perderia credencial. Explora temas relacionados como jordan peterson perderia credencial, información detallada, consejos prácticos, y análisis de los aspectos importantes. Palabras clave secundarias: jordan peterson perderia credencial guía, jordan peterson perderia credencial ejemplos, beneficios y aplicaciones."
https://appsclavitud.com/7-empresas-de-inteligencia-artificial-que-te-ayudan-a-montar-tu-negocio/,"Esta página trata sobre 7 empresas de inteligencia artificial que te ayudan a montar tu negocio. Explora temas relacionados como 7 empresas de inteligencia artificial que te ayudan a montar tu negocio, información detallada, consejos prácticos, y análisis de los aspectos importantes. Palabras clave secundarias: 7 empresas de inteligencia artificial que te ayudan a montar tu negocio guía, 7 empresas de inteligencia artificial que te ayudan a montar tu negocio ejemplos, beneficios y aplicaciones."
https://appsclavitud.com/sonido-de-libertad-se-estrena-en-america-latina/,"Esta página trata sobre sonido de libertad se estrena en america latina. Explora temas relacionados como sonido de libertad se estrena en america latina, información detallada, consejos prácticos, y análisis de los aspectos importantes. Palabras clave secundarias: sonido de libertad se estrena en america latina guía, sonido de libertad se estrena en america latina ejemplos, beneficios y aplicaciones."
https://appsclavitud.com/jordan-peterson-pierde-batalla-legal-en-canada/,"Esta página trata sobre jordan peterson pierde batalla legal en canada. Explora temas relacionados como jordan peterson pierde batalla legal en canada, información detallada, consejos prácticos, y análisis de los aspectos importantes. Palabras clave secundarias: jordan peterson pierde batalla legal en canada guía, jordan peterson pierde batalla legal en canada ejemplos, beneficios y aplicaciones."
https://appsclavitud.com/trump-recibe-7-millones/,"Esta página trata sobre trump recibe 7 millones. Explora temas relacionados como trump recibe 7 millones, información detallada, consejos prácticos, y análisis de los aspectos importantes. Palabras clave secundarias: trump recibe 7 millones guía, trump recibe 7 millones ejemplos, beneficios y aplicaciones."
https://appsclavitud.com/doce-nuevas-reglas-para-la-vida/,"Esta página trata sobre doce nuevas reglas para la vida. Explora temas relacionados como doce nuevas reglas para la vida, información detallada, consejos prácticos, y análisis de los aspectos importantes. Palabras clave secundarias: doce nuevas reglas para la vida guía, doce nuevas reglas para la vida ejemplos, beneficios y aplicaciones."
https://appsclavitud.com/ne-yo-se-retracta-de-su-disculpa-a-la-mafia-lgbt/,"Esta página trata sobre ne yo se retracta de su disculpa a la mafia lgbt. Explora temas relacionados como ne yo se retracta de su disculpa a la mafia lgbt, información detallada, consejos prácticos, y análisis de los aspectos importantes. Palabras clave secundarias: ne yo se retracta de su disculpa a la mafia lgbt guía, ne yo se retracta de su disculpa a la mafia lgbt ejemplos, beneficios y aplicaciones."
https://appsclavitud.com/la-verdad-sobre-fabian-marta-y-sound-of-freedom/,"Esta página trata sobre la verdad sobre fabian marta y sound of freedom. Explora temas relacionados como la verdad sobre fabian marta y sound of freedom, información detallada, consejos prácticos, y análisis de los aspectos importantes. Palabras clave secundarias: la verdad sobre fabian marta y sound of freedom guía, la verdad sobre fabian marta y sound of freedom ejemplos, beneficios y aplicaciones."
https://appsclavitud.com/andrew-tate-contra-denuncias-falsas/,"Esta página trata sobre andrew tate contra denuncias falsas. Explora temas relacionados como andrew tate contra denuncias falsas, información detallada, consejos prácticos, y análisis de los aspectos importantes. Palabras clave secundarias: andrew tate contra denuncias falsas guía, andrew tate contra denuncias falsas ejemplos, beneficios y aplicaciones."
https://appsclavitud.com/5-libros/,"Esta página trata sobre 5 libros. Explora temas relacionados como 5 libros, información detallada, consejos prácticos, y análisis de los aspectos importantes. Palabras clave secundarias: 5 libros guía, 5 libros ejemplos, beneficios y aplicaciones."
https://appsclavitud.com/despidos-en-bud-light-por-boicot/,"Esta página trata sobre despidos en bud light por boicot. Explora temas relacionados como despidos en bud light por boicot, información detallada, consejos prácticos, y análisis de los aspectos importantes. Palabras clave secundarias: despidos en bud light por boicot guía, despidos en bud light por boicot ejemplos, beneficios y aplicaciones."
https://appsclavitud.com/podcast-la-deliciosa-autodestuccion-de-hollywood/,"Esta página trata sobre podcast la deliciosa autodestuccion de hollywood. Explora temas relacionados como podcast la deliciosa autodestuccion de hollywood, información detallada, consejos prácticos, y análisis de los aspectos importantes. Palabras clave secundarias: podcast la deliciosa autodestuccion de hollywood guía, podcast la deliciosa autodestuccion de hollywood ejemplos, beneficios y aplicaciones."
https://appsclavitud.com/sonido-de-libertad-supera-a-mision-imposible-los-medios-continuan-atacando-el-filme/,"Esta página trata sobre sonido de libertad supera a mision imposible los medios continuan atacando el filme. Explora temas relacionados como sonido de libertad supera a mision imposible los medios continuan atacando el filme, información detallada, consejos prácticos, y análisis de los aspectos importantes. Palabras clave secundarias: sonido de libertad supera a mision imposible los medios continuan atacando el filme guía, sonido de libertad supera a mision imposible los medios continuan atacando el filme ejemplos, beneficios y aplicaciones."
https://appsclavitud.com/menu-dieta-carnivora-beneficios/,"Esta página trata sobre menu dieta carnivora beneficios. Explora temas relacionados como menu dieta carnivora beneficios, información detallada, consejos prácticos, y análisis de los aspectos importantes. Palabras clave secundarias: menu dieta carnivora beneficios guía, menu dieta carnivora beneficios ejemplos, beneficios y aplicaciones."
https://appsclavitud.com/italia-prohibe-mujeres-trans/,"Esta página trata sobre italia prohibe mujeres trans. Explora temas relacionados como italia prohibe mujeres trans, información detallada, consejos prácticos, y análisis de los aspectos importantes. Palabras clave secundarias: italia prohibe mujeres trans guía, italia prohibe mujeres trans ejemplos, beneficios y aplicaciones."
https://appsclavitud.com/sonido-de-libertad-lidera-taquilla-fecha-estreno/,"Esta página trata sobre sonido de libertad lidera taquilla fecha estreno. Explora temas relacionados como sonido de libertad lidera taquilla fecha estreno, información detallada, consejos prácticos, y análisis de los aspectos importantes. Palabras clave secundarias: sonido de libertad lidera taquilla fecha estreno guía, sonido de libertad lidera taquilla fecha estreno ejemplos, beneficios y aplicaciones."
https://appsclavitud.com/es-sonido-de-libertad-una-conspiracion/,"Esta página trata sobre es sonido de libertad una conspiracion. Explora temas relacionados como es sonido de libertad una conspiracion, información detallada, consejos prácticos, y análisis de los aspectos importantes. Palabras clave secundarias: es sonido de libertad una conspiracion guía, es sonido de libertad una conspiracion ejemplos, beneficios y aplicaciones."
https://appsclavitud.com/sonido-de-libertad-supera-a-indiana-jones/,"Esta página trata sobre sonido de libertad supera a indiana jones. Explora temas relacionados como sonido de libertad supera a indiana jones, información detallada, consejos prácticos, y análisis de los aspectos importantes. Palabras clave secundarias: sonido de libertad supera a indiana jones guía, sonido de libertad supera a indiana jones ejemplos, beneficios y aplicaciones."
https://appsclavitud.com/sonido-de-libertad-sufrimiento-y-proposito/,"Esta página trata sobre sonido de libertad sufrimiento y proposito. Explora temas relacionados como sonido de libertad sufrimiento y proposito, información detallada, consejos prácticos, y análisis de los aspectos importantes. Palabras clave secundarias: sonido de libertad sufrimiento y proposito guía, sonido de libertad sufrimiento y proposito ejemplos, beneficios y aplicaciones."
https://appsclavitud.com/10-unicos-ejercicios-para-ganancia-musuclar/,"Esta página trata sobre 10 unicos ejercicios para ganancia musuclar. Explora temas relacionados como 10 unicos ejercicios para ganancia musuclar, información detallada, consejos prácticos, y análisis de los aspectos importantes. Palabras clave secundarias: 10 unicos ejercicios para ganancia musuclar guía, 10 unicos ejercicios para ganancia musuclar ejemplos, beneficios y aplicaciones."
https://appsclavitud.com/nefarious-la-pelicula-que-el-progresimo-no-quiere-que-veas/,"Esta página trata sobre nefarious la pelicula que el progresimo no quiere que veas. Explora temas relacionados como nefarious la pelicula que el progresimo no quiere que veas, información detallada, consejos prácticos, y análisis de los aspectos importantes. Palabras clave secundarias: nefarious la pelicula que el progresimo no quiere que veas guía, nefarious la pelicula que el progresimo no quiere que veas ejemplos, beneficios y aplicaciones."
https://appsclavitud.com/musk-vs-zuckerberg-afilan-detalles-para-la-pelea-del-siglo/,"Esta página trata sobre musk vs zuckerberg afilan detalles para la pelea del siglo. Explora temas relacionados como musk vs zuckerberg afilan detalles para la pelea del siglo, información detallada, consejos prácticos, y análisis de los aspectos importantes. Palabras clave secundarias: musk vs zuckerberg afilan detalles para la pelea del siglo guía, musk vs zuckerberg afilan detalles para la pelea del siglo ejemplos, beneficios y aplicaciones."
https://appsclavitud.com/la-verdad-sobre-el-submarino-titan/,"Esta página trata sobre la verdad sobre el submarino titan. Explora temas relacionados como la verdad sobre el submarino titan, información detallada, consejos prácticos, y análisis de los aspectos importantes. Palabras clave secundarias: la verdad sobre el submarino titan guía, la verdad sobre el submarino titan ejemplos, beneficios y aplicaciones."
https://appsclavitud.com/tomar-creatina-por-primera-vez/,"Esta página trata sobre tomar creatina por primera vez. Explora temas relacionados como tomar creatina por primera vez, información detallada, consejos prácticos, y análisis de los aspectos importantes. Palabras clave secundarias: tomar creatina por primera vez guía, tomar creatina por primera vez ejemplos, beneficios y aplicaciones."
https://appsclavitud.com/starbucks-atrapada-por-la-ideologia-woke/,"Esta página trata sobre starbucks atrapada por la ideologia woke. Explora temas relacionados como starbucks atrapada por la ideologia woke, información detallada, consejos prácticos, y análisis de los aspectos importantes. Palabras clave secundarias: starbucks atrapada por la ideologia woke guía, starbucks atrapada por la ideologia woke ejemplos, beneficios y aplicaciones."
https://appsclavitud.com/el-boicot-a-bud-light-ha-funcionado-ex-ejecutivo-de-anheuser-busch-admite-derrota/,"Esta página trata sobre el boicot a bud light ha funcionado ex ejecutivo de anheuser busch admite derrota. Explora temas relacionados como el boicot a bud light ha funcionado ex ejecutivo de anheuser busch admite derrota, información detallada, consejos prácticos, y análisis de los aspectos importantes. Palabras clave secundarias: el boicot a bud light ha funcionado ex ejecutivo de anheuser busch admite derrota guía, el boicot a bud light ha funcionado ex ejecutivo de anheuser busch admite derrota ejemplos, beneficios y aplicaciones."
https://appsclavitud.com/como-ganar-fuerza-y-musculo-rapido/,"Esta página trata sobre como ganar fuerza y musculo rapido. Explora temas relacionados como como ganar fuerza y musculo rapido, información detallada, consejos prácticos, y análisis de los aspectos importantes. Palabras clave secundarias: como ganar fuerza y musculo rapido guía, como ganar fuerza y musculo rapido ejemplos, beneficios y aplicaciones."
https://appsclavitud.com/activision-se-hace-woke-sanciona-a-gamer-de-call-of-duty-por-twitt-anti-orgullo/,"Esta página trata sobre activision se hace woke sanciona a gamer de call of duty por twitt anti orgullo. Explora temas relacionados como activision se hace woke sanciona a gamer de call of duty por twitt anti orgullo, información detallada, consejos prácticos, y análisis de los aspectos importantes. Palabras clave secundarias: activision se hace woke sanciona a gamer de call of duty por twitt anti orgullo guía, activision se hace woke sanciona a gamer de call of duty por twitt anti orgullo ejemplos, beneficios y aplicaciones."
https://appsclavitud.com/censuran-a-jordan-peterson-youtube-golpea-al-psicologo-con-un-strike/,"Esta página trata sobre censuran a jordan peterson youtube golpea al psicologo con un strike. Explora temas relacionados como censuran a jordan peterson youtube golpea al psicologo con un strike, información detallada, consejos prácticos, y análisis de los aspectos importantes. Palabras clave secundarias: censuran a jordan peterson youtube golpea al psicologo con un strike guía, censuran a jordan peterson youtube golpea al psicologo con un strike ejemplos, beneficios y aplicaciones."
https://appsclavitud.com/aficionados-le-dan-la-espalda-a-los-la-dodgers-por-invitar-a-comparsa-anticatolica/,"Esta página trata sobre aficionados le dan la espalda a los la dodgers por invitar a comparsa anticatolica. Explora temas relacionados como aficionados le dan la espalda a los la dodgers por invitar a comparsa anticatolica, información detallada, consejos prácticos, y análisis de los aspectos importantes. Palabras clave secundarias: aficionados le dan la espalda a los la dodgers por invitar a comparsa anticatolica guía, aficionados le dan la espalda a los la dodgers por invitar a comparsa anticatolica ejemplos, beneficios y aplicaciones."
https://appsclavitud.com/6-inteligencias-artificiales-para-colocarte-delante/,"Esta página trata sobre 6 inteligencias artificiales para colocarte delante. Explora temas relacionados como 6 inteligencias artificiales para colocarte delante, información detallada, consejos prácticos, y análisis de los aspectos importantes. Palabras clave secundarias: 6 inteligencias artificiales para colocarte delante guía, 6 inteligencias artificiales para colocarte delante ejemplos, beneficios y aplicaciones."
https://appsclavitud.com/la-repugnante-realidad-de-las-modelos-de-instagram/,"Esta página trata sobre la repugnante realidad de las modelos de instagram. Explora temas relacionados como la repugnante realidad de las modelos de instagram, información detallada, consejos prácticos, y análisis de los aspectos importantes. Palabras clave secundarias: la repugnante realidad de las modelos de instagram guía, la repugnante realidad de las modelos de instagram ejemplos, beneficios y aplicaciones."
https://appsclavitud.com/alimentos-testosterona/,"Esta página trata sobre alimentos testosterona. Explora temas relacionados como alimentos testosterona, información detallada, consejos prácticos, y análisis de los aspectos importantes. Palabras clave secundarias: alimentos testosterona guía, alimentos testosterona ejemplos, beneficios y aplicaciones."
https://appsclavitud.com/como-aumentar-testosterona-natural/,"Esta página trata sobre como aumentar testosterona natural. Explora temas relacionados como como aumentar testosterona natural, información detallada, consejos prácticos, y análisis de los aspectos importantes. Palabras clave secundarias: como aumentar testosterona natural guía, como aumentar testosterona natural ejemplos, beneficios y aplicaciones."
https://appsclavitud.com/aumentar-masa-muscular/,"Esta página trata sobre aumentar masa muscular. Explora temas relacionados como aumentar masa muscular, información detallada, consejos prácticos, y análisis de los aspectos importantes. Palabras clave secundarias: aumentar masa muscular guía, aumentar masa muscular ejemplos, beneficios y aplicaciones."
https://appsclavitud.com/dieta-carnivora-alimentos-permitidos-menu-beneficios-y-riesgos/,"Esta página trata sobre dieta carnivora alimentos permitidos menu beneficios y riesgos. Explora temas relacionados como dieta carnivora alimentos permitidos menu beneficios y riesgos, información detallada, consejos prácticos, y análisis de los aspectos importantes. Palabras clave secundarias: dieta carnivora alimentos permitidos menu beneficios y riesgos guía, dieta carnivora alimentos permitidos menu beneficios y riesgos ejemplos, beneficios y aplicaciones."
https://appsclavitud.com/que-es-una-mujer-el-documental-mas-polemico-disponible-gratis-hoy/,"Esta página trata sobre que es una mujer el documental mas polemico disponible gratis hoy. Explora temas relacionados como que es una mujer el documental mas polemico disponible gratis hoy, información detallada, consejos prácticos, y análisis de los aspectos importantes. Palabras clave secundarias: que es una mujer el documental mas polemico disponible gratis hoy guía, que es una mujer el documental mas polemico disponible gratis hoy ejemplos, beneficios y aplicaciones."
https://appsclavitud.com/la-ultima-victima-del-race-swapping-aragorn-ahora-es-negro/,"Esta página trata sobre la ultima victima del race swapping aragorn ahora es negro. Explora temas relacionados como la ultima victima del race swapping aragorn ahora es negro, información detallada, consejos prácticos, y análisis de los aspectos importantes. Palabras clave secundarias: la ultima victima del race swapping aragorn ahora es negro guía, la ultima victima del race swapping aragorn ahora es negro ejemplos, beneficios y aplicaciones."
https://appsclavitud.com/un-sitio-web-que-revela-la-verdad-sobre-modelos-de-instagram/,"Esta página trata sobre un sitio web que revela la verdad sobre modelos de instagram. Explora temas relacionados como un sitio web que revela la verdad sobre modelos de instagram, información detallada, consejos prácticos, y análisis de los aspectos importantes. Palabras clave secundarias: un sitio web que revela la verdad sobre modelos de instagram guía, un sitio web que revela la verdad sobre modelos de instagram ejemplos, beneficios y aplicaciones."
https://appsclavitud.com/podcast-netflix-reina-cleopatra-y-la-peligrosa-obsesion-de-hollywood/,"Esta página trata sobre podcast netflix reina cleopatra y la peligrosa obsesion de hollywood. Explora temas relacionados como podcast netflix reina cleopatra y la peligrosa obsesion de hollywood, información detallada, consejos prácticos, y análisis de los aspectos importantes. Palabras clave secundarias: podcast netflix reina cleopatra y la peligrosa obsesion de hollywood guía, podcast netflix reina cleopatra y la peligrosa obsesion de hollywood ejemplos, beneficios y aplicaciones."
https://appsclavitud.com/emergencia-en-bud-light-y-despidos-tras-boicot-por-publicidad-trans/,"Esta página trata sobre emergencia en bud light y despidos tras boicot por publicidad trans. Explora temas relacionados como emergencia en bud light y despidos tras boicot por publicidad trans, información detallada, consejos prácticos, y análisis de los aspectos importantes. Palabras clave secundarias: emergencia en bud light y despidos tras boicot por publicidad trans guía, emergencia en bud light y despidos tras boicot por publicidad trans ejemplos, beneficios y aplicaciones."
https://appsclavitud.com/5-razones-por-las-que-la-pelicula-de-mario-bros-supera-a-disney-marvel/,"Esta página trata sobre 5 razones por las que la pelicula de mario bros supera a disney marvel. Explora temas relacionados como 5 razones por las que la pelicula de mario bros supera a disney marvel, información detallada, consejos prácticos, y análisis de los aspectos importantes. Palabras clave secundarias: 5 razones por las que la pelicula de mario bros supera a disney marvel guía, 5 razones por las que la pelicula de mario bros supera a disney marvel ejemplos, beneficios y aplicaciones."
https://appsclavitud.com/5-razones-por-las-que-reina-cleopatra-de-netflix-ya-ha-fracasado/,"Esta página trata sobre 5 razones por las que reina cleopatra de netflix ya ha fracasado. Explora temas relacionados como 5 razones por las que reina cleopatra de netflix ya ha fracasado, información detallada, consejos prácticos, y análisis de los aspectos importantes. Palabras clave secundarias: 5 razones por las que reina cleopatra de netflix ya ha fracasado guía, 5 razones por las que reina cleopatra de netflix ya ha fracasado ejemplos, beneficios y aplicaciones."
https://appsclavitud.com/budweiser-se-identifica-ahora-como-patriota-lanza-nuevo-anuncio-conservador/,"Esta página trata sobre budweiser se identifica ahora como patriota lanza nuevo anuncio conservador. Explora temas relacionados como budweiser se identifica ahora como patriota lanza nuevo anuncio conservador, información detallada, consejos prácticos, y análisis de los aspectos importantes. Palabras clave secundarias: budweiser se identifica ahora como patriota lanza nuevo anuncio conservador guía, budweiser se identifica ahora como patriota lanza nuevo anuncio conservador ejemplos, beneficios y aplicaciones."
https://appsclavitud.com/bud-light-se-disculpa-por-colaboracion-con-trans-pierde-7-mil-millones-usd/,"Esta página trata sobre bud light se disculpa por colaboracion con trans pierde 7 mil millones usd. Explora temas relacionados como bud light se disculpa por colaboracion con trans pierde 7 mil millones usd, información detallada, consejos prácticos, y análisis de los aspectos importantes. Palabras clave secundarias: bud light se disculpa por colaboracion con trans pierde 7 mil millones usd guía, bud light se disculpa por colaboracion con trans pierde 7 mil millones usd ejemplos, beneficios y aplicaciones."
https://appsclavitud.com/ahora-es-nike-controversia-por-reemplazar-mujeres-con-trans/,"Esta página trata sobre ahora es nike controversia por reemplazar mujeres con trans. Explora temas relacionados como ahora es nike controversia por reemplazar mujeres con trans, información detallada, consejos prácticos, y análisis de los aspectos importantes. Palabras clave secundarias: ahora es nike controversia por reemplazar mujeres con trans guía, ahora es nike controversia por reemplazar mujeres con trans ejemplos, beneficios y aplicaciones."
https://appsclavitud.com/bud-light-y-dylan-mulvaney-su-estrategia-woke-les-trae-perdidas-millonarias/,"Esta página trata sobre bud light y dylan mulvaney su estrategia woke les trae perdidas millonarias. Explora temas relacionados como bud light y dylan mulvaney su estrategia woke les trae perdidas millonarias, información detallada, consejos prácticos, y análisis de los aspectos importantes. Palabras clave secundarias: bud light y dylan mulvaney su estrategia woke les trae perdidas millonarias guía, bud light y dylan mulvaney su estrategia woke les trae perdidas millonarias ejemplos, beneficios y aplicaciones."
https://appsclavitud.com/hay-razones-para-preocuparse-por-gpt-4-ceo-de-open-ai/,"Esta página trata sobre hay razones para preocuparse por gpt 4 ceo de open ai. Explora temas relacionados como hay razones para preocuparse por gpt 4 ceo de open ai, información detallada, consejos prácticos, y análisis de los aspectos importantes. Palabras clave secundarias: hay razones para preocuparse por gpt 4 ceo de open ai guía, hay razones para preocuparse por gpt 4 ceo de open ai ejemplos, beneficios y aplicaciones."
https://appsclavitud.com/jk-rowling-transicion-en-ninos-el-escandalo-medico-del-siglo/,"Esta página trata sobre jk rowling transicion en ninos el escandalo medico del siglo. Explora temas relacionados como jk rowling transicion en ninos el escandalo medico del siglo, información detallada, consejos prácticos, y análisis de los aspectos importantes. Palabras clave secundarias: jk rowling transicion en ninos el escandalo medico del siglo guía, jk rowling transicion en ninos el escandalo medico del siglo ejemplos, beneficios y aplicaciones."
https://appsclavitud.com/80-de-empleos-en-peligro-por-la-inteligencia-artificial/,"Esta página trata sobre 80 de empleos en peligro por la inteligencia artificial. Explora temas relacionados como 80 de empleos en peligro por la inteligencia artificial, información detallada, consejos prácticos, y análisis de los aspectos importantes. Palabras clave secundarias: 80 de empleos en peligro por la inteligencia artificial guía, 80 de empleos en peligro por la inteligencia artificial ejemplos, beneficios y aplicaciones."
https://appsclavitud.com/los-8-mejores-consejos-de-mr-beast-para-crecer-tu-canal-de-youtube/,"Esta página trata sobre los 8 mejores consejos de mr beast para crecer tu canal de youtube. Explora temas relacionados como los 8 mejores consejos de mr beast para crecer tu canal de youtube, información detallada, consejos prácticos, y análisis de los aspectos importantes. Palabras clave secundarias: los 8 mejores consejos de mr beast para crecer tu canal de youtube guía, los 8 mejores consejos de mr beast para crecer tu canal de youtube ejemplos, beneficios y aplicaciones."
https://appsclavitud.com/dopamina-y-adiccion-a-redes-sociales/,"Esta página trata sobre dopamina y adiccion a redes sociales. Explora temas relacionados como dopamina y adiccion a redes sociales, información detallada, consejos prácticos, y análisis de los aspectos importantes. Palabras clave secundarias: dopamina y adiccion a redes sociales guía, dopamina y adiccion a redes sociales ejemplos, beneficios y aplicaciones."
https://appsclavitud.com/atletas-trans-prohibido/,"Esta página trata sobre atletas trans prohibido. Explora temas relacionados como atletas trans prohibido, información detallada, consejos prácticos, y análisis de los aspectos importantes. Palabras clave secundarias: atletas trans prohibido guía, atletas trans prohibido ejemplos, beneficios y aplicaciones."
https://appsclavitud.com/jordan-peterson-regalo-mexico/,"Esta página trata sobre jordan peterson regalo mexico. Explora temas relacionados como jordan peterson regalo mexico, información detallada, consejos prácticos, y análisis de los aspectos importantes. Palabras clave secundarias: jordan peterson regalo mexico guía, jordan peterson regalo mexico ejemplos, beneficios y aplicaciones."
https://appsclavitud.com/doce-reglas/,"Esta página trata sobre doce reglas. Explora temas relacionados como doce reglas, información detallada, consejos prácticos, y análisis de los aspectos importantes. Palabras clave secundarias: doce reglas guía, doce reglas ejemplos, beneficios y aplicaciones."
https://appsclavitud.com/se-puede-apagar-una-inteligencia-artificial-de-empresas-como-google/,"Esta página trata sobre se puede apagar una inteligencia artificial de empresas como google. Explora temas relacionados como se puede apagar una inteligencia artificial de empresas como google, información detallada, consejos prácticos, y análisis de los aspectos importantes. Palabras clave secundarias: se puede apagar una inteligencia artificial de empresas como google guía, se puede apagar una inteligencia artificial de empresas como google ejemplos, beneficios y aplicaciones."
https://appsclavitud.com/que-es-la-dieta-flexitariana-menu/,"Esta página trata sobre que es la dieta flexitariana menu. Explora temas relacionados como que es la dieta flexitariana menu, información detallada, consejos prácticos, y análisis de los aspectos importantes. Palabras clave secundarias: que es la dieta flexitariana menu guía, que es la dieta flexitariana menu ejemplos, beneficios y aplicaciones."
https://appsclavitud.com/dieta-jordan-peterson/,"Esta página trata sobre dieta jordan peterson. Explora temas relacionados como dieta jordan peterson, información detallada, consejos prácticos, y análisis de los aspectos importantes. Palabras clave secundarias: dieta jordan peterson guía, dieta jordan peterson ejemplos, beneficios y aplicaciones."
https://appsclavitud.com/monta-una-empresa-con-inteligencia-artificial-gratis/,"Esta página trata sobre monta una empresa con inteligencia artificial gratis. Explora temas relacionados como monta una empresa con inteligencia artificial gratis, información detallada, consejos prácticos, y análisis de los aspectos importantes. Palabras clave secundarias: monta una empresa con inteligencia artificial gratis guía, monta una empresa con inteligencia artificial gratis ejemplos, beneficios y aplicaciones."
https://appsclavitud.com/aprende-neuro-ingles-opiniones-sobre-metodo-witix/,"Esta página trata sobre aprende neuro ingles opiniones sobre metodo witix. Explora temas relacionados como aprende neuro ingles opiniones sobre metodo witix, información detallada, consejos prácticos, y análisis de los aspectos importantes. Palabras clave secundarias: aprende neuro ingles opiniones sobre metodo witix guía, aprende neuro ingles opiniones sobre metodo witix ejemplos, beneficios y aplicaciones."
https://appsclavitud.com/que-tomar-para-quitar-ansiedad-y-ataques-de-panico/,"Esta página trata sobre que tomar para quitar ansiedad y ataques de panico. Explora temas relacionados como que tomar para quitar ansiedad y ataques de panico, información detallada, consejos prácticos, y análisis de los aspectos importantes. Palabras clave secundarias: que tomar para quitar ansiedad y ataques de panico guía, que tomar para quitar ansiedad y ataques de panico ejemplos, beneficios y aplicaciones."
https://appsclavitud.com/ingles-online/,"Esta página trata sobre ingles online. Explora temas relacionados como ingles online, información detallada, consejos prácticos, y análisis de los aspectos importantes. Palabras clave secundarias: ingles online guía, ingles online ejemplos, beneficios y aplicaciones."
https://appsclavitud.com/podcasts-ingles/,"Esta página trata sobre podcasts ingles. Explora temas relacionados como podcasts ingles, información detallada, consejos prácticos, y análisis de los aspectos importantes. Palabras clave secundarias: podcasts ingles guía, podcasts ingles ejemplos, beneficios y aplicaciones."
https://appsclavitud.com/cursos-institutos-ingles-en-linea/,"Esta página trata sobre cursos institutos ingles en linea. Explora temas relacionados como cursos institutos ingles en linea, información detallada, consejos prácticos, y análisis de los aspectos importantes. Palabras clave secundarias: cursos institutos ingles en linea guía, cursos institutos ingles en linea ejemplos, beneficios y aplicaciones."
https://appsclavitud.com/motivacion-y-autoestima/,"Esta página trata sobre motivacion y autoestima. Explora temas relacionados como motivacion y autoestima, información detallada, consejos prácticos, y análisis de los aspectos importantes. Palabras clave secundarias: motivacion y autoestima guía, motivacion y autoestima ejemplos, beneficios y aplicaciones."
https://appsclavitud.com/masculinidad/,"Esta página trata sobre masculinidad. Explora temas relacionados como masculinidad, información detallada, consejos prácticos, y análisis de los aspectos importantes. Palabras clave secundarias: masculinidad guía, masculinidad ejemplos, beneficios y aplicaciones."
https://appsclavitud.com/poder-dormir/,"Esta página trata sobre poder dormir. Explora temas relacionados como poder dormir, información detallada, consejos prácticos, y análisis de los aspectos importantes. Palabras clave secundarias: poder dormir guía, poder dormir ejemplos, beneficios y aplicaciones."
https://appsclavitud.com/kanye-vs-balenciaga/,"Esta página trata sobre kanye vs balenciaga. Explora temas relacionados como kanye vs balenciaga, información detallada, consejos prácticos, y análisis de los aspectos importantes. Palabras clave secundarias: kanye vs balenciaga guía, kanye vs balenciaga ejemplos, beneficios y aplicaciones."
https://appsclavitud.com/tarantino-serie/,"Esta página trata sobre tarantino serie. Explora temas relacionados como tarantino serie, información detallada, consejos prácticos, y análisis de los aspectos importantes. Palabras clave secundarias: tarantino serie guía, tarantino serie ejemplos, beneficios y aplicaciones."
https://appsclavitud.com/creatina/,"Esta página trata sobre creatina. Explora temas relacionados como creatina, información detallada, consejos prácticos, y análisis de los aspectos importantes. Palabras clave secundarias: creatina guía, creatina ejemplos, beneficios y aplicaciones."
https://appsclavitud.com/atraer-chica-en-el-gimnasio/,"Esta página trata sobre atraer chica en el gimnasio. Explora temas relacionados como atraer chica en el gimnasio, información detallada, consejos prácticos, y análisis de los aspectos importantes. Palabras clave secundarias: atraer chica en el gimnasio guía, atraer chica en el gimnasio ejemplos, beneficios y aplicaciones."
https://appsclavitud.com/dieta-carnivora-alimentos-permitidos/,"Esta página trata sobre dieta carnivora alimentos permitidos. Explora temas relacionados como dieta carnivora alimentos permitidos, información detallada, consejos prácticos, y análisis de los aspectos importantes. Palabras clave secundarias: dieta carnivora alimentos permitidos guía, dieta carnivora alimentos permitidos ejemplos, beneficios y aplicaciones."
https://appsclavitud.com/como-prevenir-adiccion-a-las-redes-sociales/,"Esta página trata sobre como prevenir adiccion a las redes sociales. Explora temas relacionados como como prevenir adiccion a las redes sociales, información detallada, consejos prácticos, y análisis de los aspectos importantes. Palabras clave secundarias: como prevenir adiccion a las redes sociales guía, como prevenir adiccion a las redes sociales ejemplos, beneficios y aplicaciones."
https://appsclavitud.com/dieta-para-aumentar-testosterona-dieta-carnivora/,"Esta página trata sobre dieta para aumentar testosterona dieta carnivora. Explora temas relacionados como dieta para aumentar testosterona dieta carnivora, información detallada, consejos prácticos, y análisis de los aspectos importantes. Palabras clave secundarias: dieta para aumentar testosterona dieta carnivora guía, dieta para aumentar testosterona dieta carnivora ejemplos, beneficios y aplicaciones."
https://appsclavitud.com/menu-semanal-de-la-dieta-carnivora-beneficios/,"Esta página trata sobre menu semanal de la dieta carnivora beneficios. Explora temas relacionados como menu semanal de la dieta carnivora beneficios, información detallada, consejos prácticos, y análisis de los aspectos importantes. Palabras clave secundarias: menu semanal de la dieta carnivora beneficios guía, menu semanal de la dieta carnivora beneficios ejemplos, beneficios y aplicaciones."
https://appsclavitud.com/la-creatina-engorda-o-adelgaza-mitos-y-verdades/,"Esta página trata sobre la creatina engorda o adelgaza mitos y verdades. Explora temas relacionados como la creatina engorda o adelgaza mitos y verdades, información detallada, consejos prácticos, y análisis de los aspectos importantes. Palabras clave secundarias: la creatina engorda o adelgaza mitos y verdades guía, la creatina engorda o adelgaza mitos y verdades ejemplos, beneficios y aplicaciones."
https://appsclavitud.com/testosterona-en-hombres-natural-sin-suplementos/,"Esta página trata sobre testosterona en hombres natural sin suplementos. Explora temas relacionados como testosterona en hombres natural sin suplementos, información detallada, consejos prácticos, y análisis de los aspectos importantes. Palabras clave secundarias: testosterona en hombres natural sin suplementos guía, testosterona en hombres natural sin suplementos ejemplos, beneficios y aplicaciones."
https://appsclavitud.com/menu-de-la-dieta-carnivora-beneficios/,"Esta página trata sobre menu de la dieta carnivora beneficios. Explora temas relacionados como menu de la dieta carnivora beneficios, información detallada, consejos prácticos, y análisis de los aspectos importantes. Palabras clave secundarias: menu de la dieta carnivora beneficios guía, menu de la dieta carnivora beneficios ejemplos, beneficios y aplicaciones."
https://appsclavitud.com/que-significa-sonar-con-carne-cruda/,"Esta página trata sobre que significa sonar con carne cruda. Explora temas relacionados como que significa sonar con carne cruda, información detallada, consejos prácticos, y análisis de los aspectos importantes. Palabras clave secundarias: que significa sonar con carne cruda guía, que significa sonar con carne cruda ejemplos, beneficios y aplicaciones."
https://appsclavitud.com/sonar-con-carne-cruda-segun-la-biblia/,"Esta página trata sobre sonar con carne cruda segun la biblia. Explora temas relacionados como sonar con carne cruda segun la biblia, información detallada, consejos prácticos, y análisis de los aspectos importantes. Palabras clave secundarias: sonar con carne cruda segun la biblia guía, sonar con carne cruda segun la biblia ejemplos, beneficios y aplicaciones."
