id,title,keyword,secondary_keywords,PerplexityQuery
Ultimate Guide: Living Safely in Merida - The Safest City in Mexico,merida mexico safe,"is merida mexico safe, merida safety, merida mexico crime statistics, why is merida so safe",What makes Merida the safest city in Mexico for expats?
Complete Guide to Buying Colonial Homes in Merida's Historic Center,merida colonial homes for sale,"houses of merida, merida mexico real estate, historic properties merida, colonial architecture merida",How much does a colonial home cost in Merida's centro?
Chelem Mexico: Beachfront Property Investment Guide 2024,chelem mexico real estate,"chelem yucatan mexico, homes for sale chelem mexico, chelem mexico safety, beach properties chelem",Is investing in Chelem beachfront property worth it?
Merida vs Tulum: Real Estate Investment Comparison 2024,real estate yucatan peninsula mexico,"zillow merida mexico, zillow tulum mexico, yucatan property market, mexican riviera investment",Which is better for real estate investment: Merida or Tulum?
Best Beach Areas Near Merida: Property Buyer's Guide,best beaches near merida,"chuburna real estate, progreso beach homes, merida beach property, coastal properties yucatan",What are the best beach areas to buy property near Merida?
Complete Guide to Property Types in Merida Mexico 2024,homes for sale merida yucatan mexico,"houses for sale in merida, merida mexico property, real estate merida yucatan, types of homes merida",What types of properties can you buy in Merida?
Buying Process: Real Estate in Merida Mexico for Foreigners,real estate in merida mexico,"realtors merida mexico, buying property merida, foreign ownership mexico, merida property laws",How can foreigners buy property in Merida Mexico?
Cost of Living and Property Management in Merida 2024,merida mexico real estate for sale,"property management merida, cost of living merida, monthly expenses merida, rental market merida",How much does it cost to maintain a property in Merida?
Investment Opportunities in Chuburna Puerto: Beach Property Guide,chuburna puerto homes for sale,"chuburna real estate, beach homes yucatan, chuburna vs progreso, coastal investment mexico",Why invest in Chuburna Puerto real estate?
Mail and Package Services for Expats in Merida Mexico,mexico mailbox,"mail to mexico, shipping to merida, postal services yucatan, expat services merida",How do expats receive mail and packages in Merida?
Ultimate Guide: Living Safely in Merida - The Safest City in Mexico,merida mexico safe,"is merida mexico safe, merida safety, merida mexico crime statistics, why is merida so safe",What makes Merida the safest city in Mexico for expats?
Complete Guide to Buying Colonial Homes in Merida's Historic Center,merida colonial homes for saleio,"houses of merida, merida mexico real estate, historic properties merida, colonial architecture merida",How much does a colonial home cost in Merida's centro?
Chelem Mexico: Beachfront Property Investment Guide 2024,chelem mexico real estate,"chelem yucatan mexico, homes for sale chelem mexico, chelem mexico safety, beach properties chelem",Is investing in Chelem beachfront property worth it?
Merida vs Tulum: Real Estate Investment Comparison 2024,real estate yucatan peninsula mexico,"zillow merida mexico, zillow tulum mexico, yucatan property market, mexican riviera investment",Which is better for real estate investment: Merida or Tulum?
Best Beach Areas Near Merida: Property Buyer's Guide,best beaches near merida,"chuburna real estate, progreso beach homes, merida beach property, coastal properties yucatan",What are the best beach areas to buy property near Merida?
Complete Guide to Property Types in Merida Mexico 2024,homes for sale merida yucatan mexico,"houses for sale in merida, merida mexico property, real estate merida yucatan, types of homes merida",What types of properties can you buy in Merida?
Buying Process: Real Estate in Merida Mexico for Foreigners,real estate in merida mexico,"realtors merida mexico, buying property merida, foreign ownership mexico, merida property laws",How can foreigners buy property in Merida Mexico?
Cost of Living and Property Management in Merida 2024,merida mexico real estate for sale,"property management merida, cost of living merida, monthly expenses merida, rental market merida",How much does it cost to maintain a property in Merida?
Investment Opportunities in Chuburna Puerto: Beach Property Guide,chuburna puerto homes for sale,"chuburna real estate, beach homes yucatan, chuburna vs progreso, coastal investment mexico",Why invest in Chuburna Puerto real estate?
Mail and Package Services for Expats in Merida Mexico,mexico mailbox,"mail to mexico, shipping to merida, postal services yucatan, expat services merida",How do expats receive mail and packages in Merida?
Merida Real Estate Market Trends 2024: Investment Analysis,merida mexico property for sale,"property prices merida, market growth yucatan, investment return merida, real estate trends 2024",What are the current real estate market trends in Merida?
How to Find Reliable Real Estate Agents in Merida,realtors merida mexico,"best real estate agents merida, licensed realtors yucatan, real estate companies merida, trustworthy agents mexico",How do I choose a reliable real estate agent in Merida?
Merida vs San Miguel de Allende: Expat Property Comparison,merida mexico real estate,"expat communities mexico, retirement homes merida, colonial city comparison, cost of living comparison",Which is better for expats: Merida or San Miguel de Allende?
Guide to Property Taxes and Legal Fees in Merida,real estate merida yucatan mexico,"property taxes mexico, closing costs merida, legal fees real estate, ownership costs yucatan",What are the total costs involved in buying property in Merida?
Healthcare and Medical Facilities Near Popular Merida Neighborhoods,living in merida mexico,"hospitals merida, medical care yucatan, health insurance mexico, healthcare quality merida",What is the quality of healthcare available in Merida?
Transportation Guide: Getting Around Merida and to Beach Properties,merida mexico transportation,"public transport merida, driving in yucatan, airport transfers merida, beach access transportation",How easy is it to get around Merida without a car?
Complete Guide to Merida's Neighborhoods and Districts,best neighborhoods merida mexico,"norte merida, centro historico, garcia gineres, montebello, residential areas merida",Which are the best neighborhoods to buy property in Merida?
Rental Property Investment Guide: Merida's Vacation Market,rental properties merida mexico,"airbnb merida, vacation rentals yucatan, rental yield merida, short term rental market",How profitable is the vacation rental market in Merida?
Climate Considerations for Property Buyers in Merida,weather merida mexico,"merida climate, house cooling merida, tropical weather impact, property maintenance climate",How does Merida's climate affect property maintenance?
Renovation and Construction Costs Guide for Merida Properties,renovation costs merida mexico,"building costs yucatan, home renovation merida, construction permits, contractor rates merida",What are the typical costs to renovate a colonial home in Merida?
,,,
,,,
,,,
,,,
,ww,,